title,date,content
Fast (Patrick Collison),12/28/2019,Coming Soon
Sustainability,12/28/2019,Coming Soon
Social Media + Interaction,12/28/2019,Coming Soon
Mental Health + Self Care,12/28/2019,Coming Soon
Internships,12/28/2019,Coming Soon
College,12/28/2019,Coming Soon
How to Cook,12/28/2019,Coming Soon
Computer Science / Software Engineering,12/28/2019,Coming Soon
Video Games and Productivity,12/28/2019,Coming Soon
Career = Passion + Skillset ?,12/28/2019,Coming Soon
Learning,12/28/2019,Coming Soon
Introduction,12/28/2019,Coming Soon